aliquam.arcu.Aliquam@turpis.net,Madison,Ruth,KMY68FER2KB
enim.commodo.hendrerit@justoPraesent.edu,Dustin,Dominic,EII51DQL9WV
Mauris.ut.quam@quis.net,Jacqueline,Tara,SVN21JFW9CN
ac.mattis@molestiedapibusligula.org,Hanae,Damian,RVN83GVW7WL
rutrum.justo.Praesent@volutpat.org,Scarlet,Eliana,ZUM65KFL3TF
a.facilisis.non@cursusaenim.net,Hamilton,Jescie,IAG47FML8FA
tristique@Maecenas.net,Daria,Carson,GTD00FBN7AM
Donec.nibh@fringillaest.com,Serena,Galvin,NPI77DVV3NL
eget.odio.Aliquam@elementumategestas.co.uk,Stephanie,Celeste,DAE35IIQ9QN
malesuada@justofaucibus.co.uk,Basia,Ralph,TTO79VJQ2OW
tempor.lorem@faucibusMorbi.com,Sopoline,Chadwick,PHJ90AAG5LJ
diam.vel.arcu@erat.edu,Orla,Trevor,NGQ60PTK8RP
Lorem.ipsum.dolor@urnanecluctus.org,Porter,Rudyard,ZQO18YWF2WU
Quisque.ornare@SuspendisseduiFusce.edu,Venus,Jesse,VQV84QPV0OT
fermentum.fermentum@mattis.org,Oscar,Nehru,TEW40QZG2MQ
suscipit.nonummy.Fusce@velitduisemper.org,Gemma,Sylvester,RHU48YTC2SJ
Sed@necligula.co.uk,Xandra,Gary,CBE03JVW8TF
lorem.eu@CuraePhasellusornare.com,Nomlanga,Oleg,DGZ72MED6DS
lobortis.Class@ridiculusmus.net,Maris,Ashton,CVV02UBN4PJ
ligula@vitaeerat.org,Dai,Damian,WXR73BUO9JK
